{
    "$schema": "https://schema.management.azure.com/schemas/0.1.2-preview/CreateUIDefinition.MultiVm.json#",
    "handler": "Microsoft.Azure.CreateUIDef",
    "version": "0.1.2-preview",
    "parameters": {
        "basics": [],
        "steps": [
            {
                "name": "vmCredentials",
                "label": "Azure Managed Application",
                "bladeTitle": "Application credentials",
                "subLabel": {
                    "preValidation": "Provide VM credentials",
                    "postValidation": "Great - let's move on!"
                },
                "elements": [
                    {
                        "name": "vmName",
                        "type": "Microsoft.Common.TextBox",
                        "label": "Virtual Machines name",
                        "toolTip": "The name of the Virtual Machines which ended with numbre 1-3 exp: rancher1",
                        "constraints": {
                            "required": true,
                            "regex": "^[a-z0-9A-Z-]{3,79}$",
                            "validationMessage": "The VM Name must be between 3 and 79 characters long and contain letters, numbers and hyphens only."
                        }
                    },
                    {
                        "name": "adminUsername",
                        "type": "Microsoft.Compute.UserNameTextBox",
                        "label": "Username",
                        "toolTip": "Admin username for the machine",
                        "osPlatform": "Linux",
                        "constraints": {
                            "required": true
                        }
                    },
                    {
                        "name": "adminPasswordOrKey",
                        "type": "Microsoft.Compute.CredentialsCombo",
                        "label": {
                            "authenticationType": "Authentication type",
                            "password": "Password",
                            "confirmPassword": "Confirm password",
                            "sshPublicKey": "SSH public key"
                        },
                        "toolTip": {
                            "authenticationType": "Authentication Type for the Virtual Machine",
                            "password": "Password for the Virtual Machine",
                            "sshPublicKey": "SSH Public Key for the Virtual Machine"
                        },
                        "constraints": {
                            "required": true
                        },
                        "options": {
                            "hideConfirmation": false
                        },
                        "osPlatform": "Linux"
                    },
                    {
                        "name": "dnsNameforLBIP",
                        "type": "Microsoft.Network.PublicIpAddressCombo",
                        "label": {
                            "publicIpAddress": "Public IP address For Loadbalncer",
                            "domainNameLabel": "Domain Name prefix For Loadbalncer"
                        },
                        "toolTip": {
                            "publicIpAddress": "Public IP address For Loadbalncer",
                            "domainNameLabel": "Domain Name prefix For Loadbalncer"
                        },
                        "defaultValue": {
                            "publicIpAddressName": "loadBalncerIP",
			                "domainNameLabel": "rancher"
                            },
                            "constraints": {
                                "required": {
                                  "domainNameLabel": true
                                }
                            },
                        "options": {
                            "hideNone": true
                            }
                    },
                    {
                        "name": "vmSize",
                        "type": "Microsoft.Compute.SizeSelector",
                        "label": "Virtual machine size",
                        "toolTip": "The size of virtual machine to provision.",
                        "recommendedSizes": [
                            "Standard_DS1_v2",
                            "Standard_D2_v2",
                            "Standard_A2_v2"
                        ],
                        "osPlatform": "Linux",
                        "count": "3"
                    }
                ]
            }
        ],
        "outputs": {
            "location": "[location()]",
            "adminUsername":"[steps('vmCredentials').adminUsername]",
            "adminPasswordOrKey": "[steps('vmCredentials').adminPasswordOrKey]",
            "dnsNameforLBIP": "[steps('vmCredentials').dnsNameforLBIP]",
            "vmName": "[steps('vmCredentials').vmName]",
            "vmSize": "[steps('vmCredentials').vmSize]"
        }
    }
}